x1.Număr_de_ordine,x2.Lotul_de_studiu,x3.Vârsta_ani,x4.Varsta_grupe_ani,x5.Grupa_de_sânge,x6.Forma_TE,x6a.Număr_TE,x7.FVL_G1691A,x8.FII_G20210A,x9.MTHFR_C677T,x10.MTHFR_A1298C,x11.MTR_A2756G,x12.MTRR_A66G,x13.FVII_G10976A,x14.PAI_1_675_5G_4G,x15.FXIII_G103T,x16.FGB_455_G_A,x17.ITGB3_T1565C,x18.ITGA2_C807T,x18a.Tipul_TE,x19.Starea_civilă,x20.Starea_socială,x21.Studii,x22.Mediul_de_trai,x23.Expunere_la_factori_nocivi,x24.Afecțiuni_concomitente,x25.Antecedente_personale_de_TE,x26.Antecedente_de_TE_la_rude_de_gradul_1,x27.Varice_voluminoase,x28.Masa_kg,x29.Talia_m,x30.IMC_kg_m2,x31.IMC_grupe,x32.Informată_despre_prezența_TE,x33.Menarha,x34.Ciclul_menstrual,x35.Menstruația,x36.Sarcini_anterioare_număr,x37.Nașteri_anterioare_cu_copii_vii,x38.Dacă_Da_număr,x39.Naşteri_la_termen,x40.Naşteri_premature,x41.Modul_nașterilor_precedente,x42.Pierderi_fetale_anterioare_până_la_22_de_SG,x43.Dacă_Da_număr,x44.Avort_medical_număr,x45.PRS_număr,x46.Pierderi_precoce_de_sarcină_până_la_11_săpt_plus_6_zile,x47.Dacă_Da_număr,x48.Pierderi_tardive_de_sarcină_la_12_22_SG,x49.Dacă_Da_număr,x50.HTA_gestațională,x51.Preeclampsie_severă_Eclampsie,x52.Deces_antenatal,x53.Deces_neonatal_precoce,x54.RDIUF_sever,x55.DPPNI,x56.Administrarea_acidului_folic_în_sarcinile_anterioare,x57.Doza_de_acid_folic,x58.Complicații_ale_sarcinii_în_antecedente,x58_1.Complicații_în_antecedente_Preeclampsie_severă,x58_3.Complicații_în_antecedente_Moarte_fetală_intrauterină,x58_7.Complicații_în_antecedente_Pierderea_sarcinii_precoce,x58_8.Complicații_în_antecedente_Pierderea_sarcinii_tardivă,x58_9.Complicații_în_antecedente_Absente,x59.Deces_antenatal,x60.Dacă_Da_număr
1,2,28,2,2,cfhk,2,1,1,2,1,1,2,1,2,1,1,2,1,1,1,3,3,1,6,11,1,1,1,62,1.60,23.40,2,2,2,1,2,2,2,2,2,1,1,1,#NULL!,#NULL!,#NULL!,1,#NULL!,1,#NULL!,1,1,1,1,1,1,2,2,9,1,1,1,1,2,1,#NULL!
2,2,31,3,1,dh,1,1,1,1,3,1,1,1,2,1,1,1,1,2,1,4,3,1,6,11,1,1,1,80,1.70,27.70,3,2,2,1,3,2,2,2,2,1,1,1,#NULL!,#NULL!,#NULL!,1,#NULL!,1,#NULL!,1,1,1,1,1,1,1,#NULL!,9,1,1,1,1,2,1,#NULL!
3,2,34,3,1,f,1,1,1,1,1,1,2,1,1,1,1,1,1,1,1,1,2,2,6,11,1,1,1,68,1.74,22.50,2,2,2,1,1,2,2,2,2,1,1,1,#NULL!,#NULL!,#NULL!,1,#NULL!,1,#NULL!,1,1,1,1,1,1,1,#NULL!,9,1,1,1,1,2,1,#NULL!
4,2,27,2,2,bceh,2,1,2,3,1,2,1,1,3,1,1,1,1,2,1,3,3,1,6,11,1,1,1,58,1.58,23.30,2,2,2,1,2,2,2,2,2,1,1,1,#NULL!,#NULL!,#NULL!,1,#NULL!,1,#NULL!,1,1,1,1,1,1,1,#NULL!,9,1,1,1,1,2,1,#NULL!
5,2,23,1,2,chj,1,1,1,2,1,1,1,1,3,1,2,1,1,2,1,4,2,1,6,6,1,1,1,52,1.60,20.30,2,2,2,1,2,2,2,2,2,1,1,1,#NULL!,#NULL!,#NULL!,1,#NULL!,1,#NULL!,1,1,1,1,1,1,2,2,9,1,1,1,1,2,1,#NULL!
6,2,33,3,3,cdefh,2,1,1,2,2,2,2,1,3,1,1,1,1,2,2,3,3,1,6,11,1,2,1,70,1.55,29.20,3,2,1,1,2,2,2,2,2,1,1,1,#NULL!,#NULL!,#NULL!,1,#NULL!,1,#NULL!,1,1,1,1,1,1,2,2,9,1,1,1,1,2,1,#NULL!
7,2,36,4,1,defhk,2,1,1,1,3,2,2,1,2,1,1,2,1,2,1,2,2,2,5,1,1,1,1,84,1.80,25.90,3,2,2,1,1,2,2,2,2,1,1,1,#NULL!,#NULL!,#NULL!,1,#NULL!,1,#NULL!,1,1,1,1,1,1,1,#NULL!,9,1,1,1,1,2,1,#NULL!
8,2,25,2,3,cfhi,2,1,1,3,1,1,2,1,2,2,1,3,1,2,1,3,3,1,6,2,1,1,1,57,1.55,23.70,2,2,2,1,2,2,2,2,2,1,1,1,#NULL!,#NULL!,#NULL!,1,#NULL!,1,#NULL!,1,1,1,1,1,1,2,1,9,1,1,1,1,2,1,#NULL!
9,2,34,3,1,dfil,2,1,1,1,3,1,3,1,1,3,1,1,2,2,1,3,3,1,6,5,1,1,1,82,1.60,32.00,4,2,2,2,3,2,2,2,2,1,1,1,#NULL!,#NULL!,#NULL!,1,#NULL!,1,#NULL!,1,1,1,1,1,1,2,2,9,1,1,1,1,2,1,#NULL!
10,2,29,2,4,chk,1,1,1,2,1,1,1,1,3,1,1,2,1,2,1,3,3,1,6,6,1,1,1,60,1.68,21.30,2,2,2,1,2,2,2,2,2,1,1,1,#NULL!,#NULL!,#NULL!,1,#NULL!,1,#NULL!,1,1,1,1,1,1,2,2,9,1,1,1,1,2,1,#NULL!
11,2,38,4,1,dfhk,2,1,1,1,2,1,3,1,2,1,1,2,1,2,1,3,3,1,4,8,1,1,1,75,1.68,26.60,3,2,2,1,2,2,2,2,2,1,1,1,#NULL!,#NULL!,#NULL!,1,#NULL!,1,#NULL!,1,1,1,1,1,1,2,1,9,1,1,1,1,2,1,#NULL!
12,2,27,2,2,cdfhil,3,1,1,2,2,1,2,1,2,3,1,1,2,2,1,3,2,1,1,11,1,1,1,72,1.65,26.50,3,2,2,1,1,2,2,2,2,1,1,1,#NULL!,#NULL!,#NULL!,1,#NULL!,1,#NULL!,1,1,1,1,1,1,2,1,9,1,1,1,1,2,1,#NULL!
13,2,30,3,3,cik,1,1,1,2,1,1,1,1,1,2,1,2,1,1,1,1,3,2,6,11,1,2,1,53,1.55,22.00,2,2,2,1,3,2,2,2,2,1,1,1,#NULL!,#NULL!,#NULL!,1,#NULL!,1,#NULL!,1,1,1,1,1,1,2,2,9,1,1,1,1,2,1,#NULL!
14,2,29,2,2,cfgik,2,1,1,2,1,1,2,2,1,2,1,2,1,1,1,2,2,2,6,6,1,1,1,69,1.64,25.60,3,2,2,1,2,2,2,2,2,1,1,1,#NULL!,#NULL!,#NULL!,1,#NULL!,1,#NULL!,1,1,1,1,1,1,1,#NULL!,9,1,1,1,1,2,1,#NULL!
15,2,33,3,1,def,1,1,1,1,2,3,2,1,1,1,1,1,1,2,1,3,3,1,4,7,1,1,1,52,1.68,18.40,1,2,2,1,1,2,2,2,2,1,1,1,#NULL!,#NULL!,#NULL!,1,#NULL!,1,#NULL!,1,1,1,1,1,1,2,2,9,1,1,1,1,2,1,#NULL!
16,2,32,3,1,fhk,1,1,1,1,1,1,2,1,2,1,1,2,1,1,1,3,3,1,6,11,1,1,1,75,1.72,25.40,3,2,2,1,2,2,2,2,2,1,1,1,#NULL!,#NULL!,#NULL!,1,#NULL!,1,#NULL!,1,1,1,1,1,1,2,1,9,1,1,1,1,2,1,#NULL!
17,2,26,2,1,cdefhl,3,1,1,2,2,2,2,1,2,1,1,1,2,1,1,4,3,1,6,11,1,1,1,84,1.80,25.90,3,2,2,1,2,2,2,2,2,1,1,1,#NULL!,#NULL!,#NULL!,1,#NULL!,1,#NULL!,1,1,1,1,1,1,2,1,9,1,1,1,1,2,1,#NULL!
18,2,22,1,2,dfh,1,1,1,1,2,1,2,1,3,1,1,1,1,2,1,4,3,1,6,11,1,1,1,53,1.65,19.40,2,2,1,1,1,2,2,2,2,1,1,1,#NULL!,#NULL!,#NULL!,1,#NULL!,1,#NULL!,1,1,1,1,1,1,2,2,9,1,1,1,1,2,1,#NULL!
19,2,26,2,4,hl,1,1,1,1,1,1,1,1,3,1,1,1,2,2,1,1,2,1,6,0,1,1,1,76,1.70,26.20,3,2,2,1,3,2,2,2,2,1,1,1,#NULL!,#NULL!,#NULL!,1,#NULL!,1,#NULL!,1,1,1,1,1,1,2,2,9,1,1,1,1,2,1,#NULL!
20,2,38,4,1,efk,1,1,1,1,1,2,2,1,1,1,1,2,1,1,3,3,3,1,6,2,1,1,1,86,1.64,32.00,4,2,2,1,1,2,2,2,2,1,1,1,#NULL!,#NULL!,#NULL!,1,#NULL!,1,#NULL!,1,1,1,1,1,1,2,2,9,1,1,1,1,2,1,#NULL!
21,2,36,4,2,dg,1,1,1,1,2,1,1,2,1,1,1,1,1,1,1,3,3,1,6,11,1,1,1,72,1.58,28.90,3,2,2,1,2,3,2,3,2,1,1,1,#NULL!,#NULL!,#NULL!,1,#NULL!,1,#NULL!,1,1,1,1,1,1,2,2,9,1,1,1,1,2,1,#NULL!
22,2,33,3,1,f,1,1,1,1,1,1,2,1,1,1,1,1,1,1,1,3,3,1,6,6,1,1,1,67,1.70,23.10,2,2,2,1,3,3,2,3,2,1,1,1,#NULL!,#NULL!,#NULL!,1,#NULL!,1,#NULL!,1,1,1,1,1,1,2,1,9,1,1,1,1,2,1,#NULL!
23,2,35,4,2,cik,1,1,1,3,1,1,1,1,1,2,1,2,1,2,1,2,2,2,1,5,1,1,1,82,1.64,30.50,4,2,2,2,3,2,2,2,2,1,1,1,#NULL!,#NULL!,#NULL!,1,#NULL!,1,#NULL!,1,1,1,1,1,1,2,3,9,1,1,1,1,2,1,#NULL!
24,2,37,4,4,cehkl,2,1,1,2,1,3,1,1,2,1,1,2,2,2,1,4,3,2,6,11,1,1,1,65,1.68,23.00,2,2,2,1,2,3,2,3,2,1,1,1,#NULL!,#NULL!,#NULL!,1,#NULL!,1,#NULL!,1,1,1,1,1,1,2,2,9,1,1,1,1,2,1,#NULL!
25,2,29,2,2,c,1,1,1,2,1,1,1,1,1,1,1,1,1,1,1,3,3,1,6,6,1,1,1,61,1.60,23.80,2,2,2,1,1,2,2,2,2,1,1,1,#NULL!,#NULL!,#NULL!,1,#NULL!,1,#NULL!,1,1,1,1,1,1,2,1,9,1,1,1,1,2,1,#NULL!
26,2,31,3,1,dl,1,1,1,1,3,1,1,1,1,1,1,1,2,2,1,4,3,1,6,11,1,1,1,72,1.80,22.00,2,2,2,1,1,3,2,3,2,1,1,1,#NULL!,#NULL!,#NULL!,1,#NULL!,1,#NULL!,1,1,1,1,1,1,2,2,9,1,1,1,1,2,1,#NULL!
27,2,36,4,1,cl,1,1,1,2,1,1,1,1,1,1,1,1,2,1,3,2,2,2,6,6,1,2,1,84,1.55,34.90,5,2,2,1,3,2,2,2,2,1,1,1,#NULL!,#NULL!,#NULL!,1,#NULL!,1,#NULL!,1,1,1,1,1,1,2,1,9,1,1,1,1,2,1,#NULL!
28,2,30,3,1,cgk,1,1,1,2,1,1,1,2,1,1,1,3,1,2,1,3,3,1,6,11,1,1,1,56,1.63,21.10,2,1,2,1,2,2,2,2,2,1,1,1,#NULL!,#NULL!,#NULL!,1,#NULL!,1,#NULL!,1,1,1,1,1,1,2,2,9,1,1,1,1,2,1,#NULL!
29,2,29,2,2,chj,1,1,1,2,1,1,1,1,2,1,2,1,1,1,1,3,3,1,6,2,1,1,1,55,1.62,20.90,2,2,2,1,2,2,2,2,2,1,1,1,#NULL!,#NULL!,#NULL!,1,#NULL!,1,#NULL!,1,1,1,1,1,1,2,2,9,1,1,1,1,2,1,#NULL!
30,2,33,3,3,cjk,1,1,1,3,1,1,1,1,1,2,1,2,1,2,1,3,3,1,6,11,1,1,1,80,1.65,29.40,2,2,2,1,2,3,2,3,2,1,1,1,#NULL!,#NULL!,#NULL!,1,#NULL!,1,#NULL!,1,1,1,1,1,1,2,1,9,1,1,1,1,2,1,#NULL!
31,2,34,3,3,cfik,2,1,1,3,1,1,2,1,1,2,1,2,1,2,1,2,2,2,6,11,1,1,1,65,1.72,22.00,2,2,2,1,2,2,2,2,2,1,1,1,#NULL!,#NULL!,#NULL!,1,#NULL!,1,#NULL!,1,1,1,1,1,1,2,1,9,1,1,1,1,2,1,#NULL!
32,2,25,2,1,cfl,1,1,1,2,1,1,2,1,1,1,1,1,2,1,1,3,3,1,6,11,1,1,1,72,1.68,25.50,3,2,2,1,3,2,2,2,2,1,1,1,#NULL!,#NULL!,#NULL!,1,#NULL!,1,#NULL!,1,1,1,1,1,1,2,2,9,1,1,1,1,2,1,#NULL!
33,2,28,2,2,cefk,2,1,1,2,1,3,2,1,1,1,1,2,1,2,1,1,2,1,6,8,1,1,1,57,1.60,22.20,2,2,2,1,3,2,2,2,2,1,1,1,#NULL!,#NULL!,#NULL!,1,#NULL!,1,#NULL!,1,1,1,1,1,1,2,1,9,1,1,1,1,2,1,#NULL!
34,2,31,3,4,fhl,1,1,1,1,1,1,3,1,2,1,1,1,2,2,1,3,3,2,6,11,1,1,1,52,1.65,19.10,2,2,2,1,1,2,2,2,2,1,1,1,#NULL!,#NULL!,#NULL!,1,#NULL!,1,#NULL!,1,1,1,1,1,1,2,2,9,1,1,1,1,2,1,#NULL!
35,2,36,4,2,cdef,2,1,1,3,3,2,2,1,1,1,1,1,1,2,1,4,2,2,6,2,1,2,1,70,1.69,24.50,3,2,3,2,2,3,2,3,2,1,1,1,#NULL!,#NULL!,#NULL!,1,#NULL!,1,#NULL!,1,1,1,1,1,1,2,2,9,1,1,1,1,2,1,#NULL!
36,1,24,1,2,ehik,2,1,1,1,1,2,1,1,2,2,1,3,1,2,1,1,2,2,6,11,1,2,1,57,1.62,21.70,2,2,2,1,3,2,1,#NULL!,1,1,#NULL!,2,2,#NULL!,2,2,1,2,1,1,1,1,1,1,1,2,2,78,1,1,2,2,1,1,#NULL!
37,1,33,3,1,cdfghl,3,1,1,2,2,1,2,2,3,1,1,1,2,2,1,3,3,1,6,11,1,1,1,64,1.70,22.10,2,2,2,1,2,2,1,#NULL!,1,2,1,1,#NULL!,#NULL!,#NULL!,1,#NULL!,1,#NULL!,1,1,2,1,1,1,2,2,3,1,2,1,1,1,2,2
38,1,28,2,1,dik,1,1,1,1,2,1,1,1,1,2,1,3,1,2,1,3,3,1,6,11,1,1,1,75,1.68,26.50,3,2,2,1,1,2,1,#NULL!,1,1,#NULL!,2,2,#NULL!,2,2,1,2,1,1,1,1,1,1,1,2,3,78,1,1,2,2,1,1,#NULL!
39,1,25,2,1,cdefhik,3,1,1,2,2,2,2,1,2,3,1,2,1,2,1,3,3,1,6,11,1,2,1,54,1.60,21.00,2,2,2,1,1,2,1,#NULL!,1,1,#NULL!,2,2,#NULL!,2,2,2,1,#NULL!,1,1,1,1,1,1,1,#NULL!,7,1,1,2,1,1,1,#NULL!
40,1,24,1,4,cek,1,1,1,2,1,2,1,1,1,1,1,3,1,2,1,1,2,1,6,8,1,1,1,62,1.68,21.90,2,2,2,1,3,2,1,#NULL!,1,1,#NULL!,2,2,#NULL!,2,2,2,1,#NULL!,1,1,1,1,1,1,1,#NULL!,7,1,1,2,1,1,1,#NULL!
41,1,26,2,4,dhk,1,1,1,1,2,1,1,1,2,1,1,3,1,2,1,1,2,1,4,11,1,1,1,55,1.65,20.20,2,2,2,1,1,2,1,#NULL!,1,1,#NULL!,2,2,#NULL!,2,2,2,1,#NULL!,1,1,1,1,1,1,2,3,7,1,1,2,1,1,1,#NULL!
42,1,26,2,3,hik,1,1,1,1,1,1,1,1,3,3,1,3,1,2,1,4,2,1,6,10,1,1,1,52,1.70,17.90,1,2,1,1,1,2,1,#NULL!,1,1,#NULL!,2,2,#NULL!,2,2,2,2,1,1,1,1,1,1,1,2,3,7,1,1,2,1,1,1,#NULL!
43,1,38,4,4,cfhk,2,1,1,2,1,1,3,1,3,1,1,2,1,2,1,3,3,1,6,11,1,2,2,83,1.63,31.30,4,2,2,1,3,2,1,#NULL!,1,1,#NULL!,2,2,#NULL!,2,2,2,1,#NULL!,1,1,1,1,1,1,2,2,7,1,1,2,1,1,1,#NULL!
44,1,32,3,1,dehik,2,1,1,1,2,2,1,1,2,2,1,3,1,2,1,3,3,1,6,11,1,1,1,61,1.68,21.60,2,2,2,1,2,4,1,#NULL!,1,1,#NULL!,2,4,#NULL!,4,2,4,1,#NULL!,1,1,1,1,1,1,2,2,7,1,1,2,1,1,1,#NULL!
45,1,27,2,4,defhk,2,1,1,1,2,2,2,1,3,1,1,2,1,2,1,1,2,1,6,11,1,2,1,54,1.72,18.30,1,2,2,1,1,2,1,#NULL!,1,1,#NULL!,2,2,#NULL!,2,2,2,1,#NULL!,1,1,1,1,1,1,2,3,7,1,1,2,1,1,1,#NULL!
46,1,34,3,1,cdefh,2,1,1,2,2,2,2,1,2,1,1,1,1,1,1,4,2,1,6,11,1,2,1,65,1.72,22.00,2,2,2,1,2,2,1,#NULL!,1,1,#NULL!,2,2,#NULL!,2,2,2,1,#NULL!,1,1,1,1,1,1,2,1,7,1,1,2,1,1,1,#NULL!
47,1,36,4,2,cdefhi,3,1,1,2,2,3,2,1,3,2,1,1,1,2,1,3,3,2,5,0,1,1,2,86,1.74,28.40,3,2,2,1,3,2,1,#NULL!,1,1,#NULL!,2,2,#NULL!,2,2,2,1,#NULL!,1,1,1,1,1,1,2,2,7,1,1,2,1,1,1,#NULL!
48,1,31,3,1,cfhk,2,1,1,2,1,1,2,1,2,1,1,3,1,2,1,1,1,2,6,11,1,2,1,86,1.65,31.20,4,2,2,1,3,9,1,#NULL!,1,1,#NULL!,2,8,1,8,2,6,2,2,1,1,1,1,1,1,1,#NULL!,7,1,1,2,1,1,1,#NULL!
49,1,28,2,4,dehik,2,1,1,1,2,2,1,1,3,3,1,2,1,2,1,3,3,2,6,11,1,1,1,48,1.55,20.00,2,2,2,1,1,2,1,#NULL!,1,1,#NULL!,2,2,#NULL!,2,2,2,1,#NULL!,1,1,1,1,1,1,2,1,7,1,1,2,1,1,1,#NULL!
50,1,27,2,1,cehil,2,1,1,2,1,2,1,1,2,3,1,1,2,2,1,1,2,1,6,3,1,2,1,66,1.67,23.70,2,2,2,1,3,3,1,#NULL!,1,1,#NULL!,2,3,#NULL!,3,2,3,1,#NULL!,1,1,1,1,1,1,2,1,7,1,1,2,1,1,1,#NULL!
51,1,30,3,2,cdehk,2,1,1,2,2,2,1,1,3,1,1,2,1,2,1,3,2,1,6,11,1,1,1,63,1.72,21.30,2,2,2,1,2,4,2,1,2,1,1,2,3,#NULL!,3,2,3,1,#NULL!,1,1,1,1,1,1,1,#NULL!,7,1,1,2,1,1,1,#NULL!
52,1,25,2,4,dehi,2,1,1,1,3,2,1,1,3,2,1,1,1,2,1,3,3,1,6,11,1,2,1,55,1.64,20.50,2,2,3,1,3,3,1,#NULL!,1,1,#NULL!,2,3,#NULL!,3,2,3,1,#NULL!,1,1,1,1,1,1,2,1,7,1,1,2,1,1,1,#NULL!
53,1,37,4,1,adefhi,3,2,1,1,3,2,2,1,3,2,1,1,1,2,1,4,3,1,6,11,1,2,1,72,1.67,25.80,3,2,2,1,1,1,1,#NULL!,2,1,1,1,#NULL!,#NULL!,#NULL!,1,#NULL!,1,#NULL!,1,1,2,1,1,1,2,2,3,1,2,1,1,1,2,1
54,1,32,3,3,cehik,2,1,1,3,1,2,1,1,2,2,1,3,1,2,1,1,2,1,6,2,1,1,1,59,1.63,22.20,2,2,2,1,2,2,1,#NULL!,1,1,#NULL!,2,2,#NULL!,2,2,2,1,#NULL!,1,1,1,1,1,1,2,3,7,1,1,2,1,1,1,#NULL!
55,1,29,2,1,adfi,2,2,1,1,2,1,2,1,1,2,1,1,1,1,1,4,2,1,6,0,1,2,1,63,1.72,21.30,2,2,2,1,2,4,1,#NULL!,1,1,#NULL!,2,4,#NULL!,4,2,4,1,#NULL!,1,1,1,1,1,1,2,2,7,1,1,2,1,1,1,#NULL!
56,1,33,3,1,cdehk,2,1,1,2,2,2,1,1,2,1,1,3,1,2,1,3,3,1,6,6,1,1,1,70,1.61,27.00,3,2,2,1,1,3,2,1,2,1,1,2,2,#NULL!,2,2,1,2,1,1,1,1,1,1,1,2,3,78,1,1,2,2,1,1,#NULL!
57,1,30,3,3,dfik,2,1,1,1,3,1,2,1,1,2,1,3,1,2,1,4,2,2,6,11,1,1,2,81,1.75,26.40,3,2,2,1,3,1,1,#NULL!,1,1,#NULL!,2,1,#NULL!,1,1,#NULL!,2,1,1,1,1,1,1,1,2,1,8,1,1,1,2,1,1,#NULL!
58,1,35,4,2,cdefhik,3,1,1,2,2,2,2,1,2,2,1,2,1,1,1,2,2,2,6,11,1,1,1,74,1.68,26.40,3,2,2,1,2,6,2,2,2,1,1,2,4,#NULL!,4,2,3,2,1,1,1,1,1,1,1,2,3,78,1,1,2,2,1,1,#NULL!
59,1,38,4,4,cehi,2,1,1,2,1,3,1,1,2,2,1,1,1,2,1,3,3,1,4,11,1,1,1,66,1.70,22.80,2,2,2,1,1,2,1,#NULL!,1,1,#NULL!,2,2,#NULL!,2,2,2,1,#NULL!,1,1,1,1,1,1,2,2,7,1,1,2,1,1,1,#NULL!
60,1,30,3,2,cefil,2,1,1,2,1,2,2,1,1,2,1,3,1,2,1,1,1,1,6,11,1,2,1,78,1.65,28.60,3,2,2,1,3,2,1,#NULL!,1,1,#NULL!,2,2,#NULL!,2,2,1,2,1,1,1,1,1,1,1,2,2,78,1,1,2,2,1,1,#NULL!
61,1,27,2,1,cfi,1,1,1,2,1,1,2,1,1,2,1,1,1,1,1,1,2,1,6,6,1,1,1,60,1.62,22.90,2,2,2,1,3,2,1,#NULL!,1,1,#NULL!,2,2,#NULL!,2,2,2,1,#NULL!,1,1,1,1,1,1,2,2,7,1,1,2,1,1,1,#NULL!
62,1,27,2,1,dfhi,2,1,1,1,2,1,2,1,2,2,1,1,1,1,1,4,2,2,6,5,1,1,1,74,1.80,22.80,2,2,3,1,2,2,1,#NULL!,1,1,#NULL!,2,2,#NULL!,2,2,2,1,#NULL!,1,1,1,1,1,1,2,2,7,1,1,2,1,1,1,#NULL!
63,1,28,2,4,cefhik,3,1,1,2,1,3,2,1,2,2,1,2,1,2,1,3,3,1,6,5,1,1,1,62,1.67,22.30,2,2,2,1,1,3,1,#NULL!,1,1,#NULL!,2,3,#NULL!,3,2,3,1,#NULL!,1,1,1,1,1,1,2,3,9,1,1,1,1,2,1,#NULL!
64,1,25,2,3,aefk,2,2,1,1,1,2,2,1,1,1,1,3,1,2,1,3,3,1,6,6,1,1,1,57,1.64,21.20,2,2,2,1,1,2,1,#NULL!,1,1,#NULL!,2,2,#NULL!,2,2,2,1,#NULL!,1,1,1,1,1,1,2,3,9,1,1,1,1,2,1,#NULL!
65,1,26,2,1,cefhikl,3,1,1,2,1,2,2,1,2,2,1,3,1,2,1,4,3,1,4,11,1,1,1,62,1.74,20.50,2,2,2,1,2,2,1,#NULL!,1,1,#NULL!,2,2,#NULL!,2,2,2,1,#NULL!,1,1,1,1,1,1,2,2,9,1,1,1,1,2,1,#NULL!
66,1,33,3,3,defh,2,1,1,1,3,2,3,1,2,1,1,1,1,2,1,1,2,2,6,0,1,2,1,65,1.75,21.20,2,2,2,1,3,8,2,1,1,2,2,2,7,#NULL!,7,2,7,1,#NULL!,1,2,1,1,1,1,2,3,17,2,1,2,1,1,1,#NULL!
67,1,39,4,1,acdfhi,3,2,1,2,2,1,2,1,2,3,1,1,1,2,1,4,3,2,6,0,1,1,2,86,1.72,29.10,3,2,2,2,1,10,2,1,2,1,1,2,9,#NULL!,9,2,9,1,#NULL!,1,1,1,1,1,1,2,2,7,1,1,2,1,1,1,#NULL!
68,1,37,4,4,dfhik,2,1,1,1,2,1,2,1,2,3,1,3,1,2,1,3,3,2,6,3,1,2,1,60,1.67,21.50,2,2,2,1,1,4,2,2,2,1,1,2,2,#NULL!,2,2,1,2,1,1,1,1,1,1,1,2,1,78,1,1,2,2,1,1,#NULL!
69,1,26,2,1,achi,2,2,1,2,1,1,1,1,2,2,1,1,1,1,1,3,3,2,6,11,1,1,1,61,1.58,24.40,2,2,2,1,1,1,1,#NULL!,1,1,#NULL!,2,1,#NULL!,1,1,#NULL!,2,1,1,1,1,1,1,1,2,2,8,1,1,1,2,1,1,#NULL!
70,1,27,2,1,adefhil,3,2,1,1,3,2,3,1,2,2,1,1,2,2,1,3,3,1,6,2,1,1,1,68,1.75,22.20,2,2,2,1,3,2,1,#NULL!,1,1,#NULL!,2,2,#NULL!,2,2,2,1,#NULL!,1,1,1,1,1,1,2,2,7,1,1,2,1,1,1,#NULL!
71,1,31,3,1,dfik,2,1,1,1,2,1,3,1,1,3,1,2,1,2,1,4,2,2,6,3,1,1,1,64,1.70,22.10,2,2,2,1,1,2,1,#NULL!,1,1,#NULL!,2,2,#NULL!,2,2,1,2,1,1,1,1,1,1,1,1,#NULL!,78,1,1,2,2,1,1,#NULL!
72,1,31,3,2,dil,1,1,1,1,2,1,1,1,1,2,1,1,3,2,1,4,3,1,6,11,1,1,1,80,1.72,27.10,3,2,2,1,2,2,1,#NULL!,1,1,#NULL!,2,2,#NULL!,2,2,2,1,#NULL!,1,1,1,1,1,1,2,2,7,1,1,2,1,1,1,#NULL!
73,1,25,2,4,bdfhk,2,1,2,1,2,1,2,1,3,1,1,2,1,2,1,1,2,2,4,11,1,2,1,85,1.68,30.10,4,2,2,2,1,2,1,#NULL!,1,1,#NULL!,2,2,#NULL!,2,2,1,2,1,1,1,1,1,1,1,2,2,78,1,1,2,2,1,1,#NULL!
74,1,33,3,1,cfhk,2,1,1,3,1,1,2,1,2,1,1,2,1,2,1,1,3,1,6,11,1,1,1,64,1.65,23.50,2,2,2,1,3,3,2,1,2,1,1,2,2,#NULL!,2,2,2,1,#NULL!,1,1,1,1,1,1,2,1,7,1,1,2,1,1,1,#NULL!
75,1,32,3,1,efh,1,1,1,1,1,2,2,1,2,1,1,1,1,1,1,3,3,2,6,8,1,1,1,72,1.80,22.20,2,2,2,1,2,4,2,1,2,1,1,2,2,1,2,2,2,1,#NULL!,1,1,1,1,1,1,2,2,7,1,1,2,1,1,1,#NULL!
76,1,34,3,1,dfhkl,2,1,1,1,2,1,2,1,3,1,1,2,2,2,1,3,3,2,6,6,1,1,2,83,1.68,29.40,3,2,2,1,2,4,2,1,2,1,1,2,3,#NULL!,3,2,3,1,#NULL!,1,1,1,1,1,1,2,3,7,1,1,2,1,1,1,#NULL!
77,1,25,2,3,cdef,2,1,1,2,2,2,3,1,1,1,1,1,1,2,1,2,2,2,6,11,1,1,1,54,1.60,21.00,2,2,2,1,1,3,1,#NULL!,1,1,#NULL!,2,3,#NULL!,3,2,3,1,#NULL!,1,1,1,1,1,1,2,2,7,1,1,2,1,1,1,#NULL!
78,1,37,4,1,cdefhik,3,1,1,2,2,2,2,1,3,2,1,2,1,2,1,3,3,2,6,11,1,2,1,68,1.57,27.60,3,2,2,2,3,6,1,#NULL!,1,1,#NULL!,2,6,#NULL!,6,2,6,1,#NULL!,1,1,1,1,1,1,1,#NULL!,7,1,1,2,1,1,1,#NULL!
79,1,24,1,4,fhik,2,1,1,1,1,1,2,1,2,3,1,2,1,2,1,1,3,1,6,2,1,2,1,61,1.66,22.10,2,2,2,1,3,4,1,#NULL!,1,2,1,2,3,#NULL!,3,1,#NULL!,2,1,1,1,1,1,1,1,2,1,8,1,1,1,2,1,1,#NULL!
80,1,27,2,1,cdfhk,2,1,1,2,2,1,3,1,3,1,1,3,1,2,1,3,3,2,6,11,1,2,1,62,1.70,21.40,2,2,2,2,2,3,1,#NULL!,1,2,1,2,2,#NULL!,2,2,2,1,#NULL!,1,1,1,1,1,1,2,1,37,1,2,2,1,1,1,#NULL!
81,1,38,4,1,efhil,2,1,1,1,1,2,2,1,3,2,1,1,2,2,1,3,3,1,6,0,1,1,2,74,1.62,28.20,3,2,2,2,1,5,2,1,2,1,1,2,4,#NULL!,4,2,4,1,#NULL!,1,1,1,1,1,1,2,2,7,1,1,2,1,1,1,#NULL!
82,1,31,3,2,abcfhk,3,2,2,3,1,1,2,1,2,1,1,2,1,1,1,4,2,1,6,7,1,2,2,65,1.65,23.80,2,2,2,2,1,5,1,#NULL!,1,2,1,2,4,#NULL!,4,2,3,2,1,1,1,1,1,1,1,2,2,378,1,2,2,2,1,1,#NULL!
83,1,36,4,3,cefhik,3,1,1,2,1,2,3,1,3,3,1,2,1,2,1,4,2,1,6,11,1,1,1,62,1.75,20.20,2,2,2,1,2,5,2,1,2,1,1,2,3,1,3,2,3,1,#NULL!,1,1,1,1,1,1,2,3,7,1,1,2,1,1,1,#NULL!
84,1,31,3,1,defhkl,3,1,1,1,2,2,2,1,2,1,1,2,2,1,1,3,3,2,4,2,1,2,1,56,1.72,18.90,2,2,2,1,1,3,2,1,2,1,1,2,2,#NULL!,2,2,2,1,#NULL!,1,1,1,1,1,1,2,2,7,1,1,2,1,1,1,#NULL!
85,1,20,1,1,cdfik,2,1,1,2,2,1,3,1,1,2,1,3,1,2,1,3,3,1,6,11,1,1,1,50,1.64,18.60,2,2,2,1,1,2,1,#NULL!,1,1,#NULL!,2,2,#NULL!,2,2,2,1,#NULL!,1,1,1,1,1,1,2,3,7,1,1,2,1,1,1,#NULL!
86,1,38,4,1,defh,2,1,1,1,2,3,3,1,2,1,1,1,1,2,1,3,3,1,6,11,1,2,1,68,1.76,22.00,2,2,3,1,2,2,1,#NULL!,1,1,#NULL!,2,2,#NULL!,2,2,2,1,#NULL!,1,1,1,1,1,1,1,#NULL!,7,1,1,2,1,1,1,#NULL!
87,1,30,3,1,cdefhi,3,1,1,2,2,2,2,1,3,2,1,1,1,2,1,4,2,2,6,6,1,1,1,65,1.80,20.00,2,2,2,1,3,2,1,#NULL!,1,1,#NULL!,2,2,#NULL!,2,2,2,1,#NULL!,1,1,1,1,1,1,1,#NULL!,7,1,1,2,1,1,1,#NULL!
88,1,38,4,4,cfik,2,1,1,3,1,1,2,1,1,2,1,3,1,2,1,3,3,1,6,7,1,1,2,67,1.75,21.80,2,2,2,1,3,2,1,#NULL!,1,1,#NULL!,2,2,#NULL!,2,2,2,1,#NULL!,1,1,1,1,1,1,2,3,7,1,1,2,1,1,1,#NULL!
89,1,37,4,2,acdfil,3,2,1,2,2,1,2,1,1,2,1,1,3,2,1,3,3,1,6,11,1,1,1,89,1.74,29.40,3,2,2,1,3,2,1,#NULL!,1,1,#NULL!,2,2,#NULL!,2,2,1,2,1,1,1,1,1,1,1,2,1,78,1,1,2,2,1,1,#NULL!
90,1,29,2,4,cdefhk,3,1,1,3,2,1,2,1,3,1,1,2,1,2,1,3,2,1,6,11,1,1,1,82,1.60,32.00,4,2,2,1,2,3,1,#NULL!,1,1,#NULL!,2,3,#NULL!,3,2,3,1,#NULL!,1,1,1,1,1,1,2,2,7,1,1,2,1,1,1,#NULL!
91,1,25,2,2,dfhk,2,1,1,1,2,1,2,1,2,1,1,3,1,2,1,3,3,1,6,4,1,2,1,55,1.68,19.50,2,2,1,1,1,3,1,#NULL!,1,1,#NULL!,2,3,#NULL!,3,2,2,2,1,1,1,1,1,1,1,1,#NULL!,78,1,1,2,2,1,1,#NULL!
92,1,34,3,2,cfik,2,1,1,3,1,1,2,1,1,2,1,1,1,2,1,3,3,1,6,5,1,1,1,80,1.60,31.20,4,2,2,1,3,1,1,#NULL!,1,1,#NULL!,2,1,#NULL!,1,1,#NULL!,2,1,1,1,1,1,1,1,2,3,8,1,1,1,2,1,1,#NULL!
93,1,31,3,4,chil,2,1,1,2,1,1,1,1,3,2,1,1,2,2,1,3,3,2,6,8,1,1,2,71,1.80,21.90,2,2,2,1,2,3,2,1,2,1,1,2,2,#NULL!,2,2,2,1,#NULL!,1,1,1,1,1,1,1,#NULL!,7,1,1,2,1,1,1,#NULL!
94,1,39,4,2,acehi,2,2,1,2,1,2,1,1,2,2,1,1,1,1,1,3,3,2,6,0,1,2,1,81,1.65,29.70,3,2,2,1,3,3,2,1,2,1,1,2,2,#NULL!,2,2,1,2,1,1,1,1,1,1,1,2,2,78,1,1,2,2,1,1,#NULL!
95,1,27,2,1,dfhk,2,1,1,1,2,1,2,1,3,1,1,3,1,2,1,3,3,2,6,11,1,1,1,59,1.64,22.00,2,2,2,1,1,2,1,#NULL!,1,1,#NULL!,2,2,#NULL!,2,2,2,1,#NULL!,1,1,1,1,1,1,2,2,7,1,1,2,1,1,1,#NULL!
96,1,23,1,3,cdghi,2,1,1,2,2,1,1,2,2,3,1,1,1,2,1,1,2,1,6,7,1,1,1,90,1.65,33.00,4,2,2,2,2,2,1,#NULL!,1,1,#NULL!,2,2,#NULL!,2,2,2,1,#NULL!,1,1,1,1,1,1,1,#NULL!,7,1,1,2,1,1,1,#NULL!
97,1,36,4,1,chj,1,1,1,3,1,1,1,1,3,1,2,1,1,2,1,3,3,1,6,3,1,1,2,77,1.60,30.00,4,2,2,1,1,2,1,#NULL!,1,1,#NULL!,2,2,#NULL!,2,2,2,1,#NULL!,1,1,1,1,1,1,2,3,7,1,1,2,1,1,1,#NULL!
98,1,36,4,1,dfhij,2,1,1,1,2,1,2,1,2,2,2,1,1,1,1,4,2,1,6,6,1,1,2,81,1.67,29.10,3,2,2,1,1,1,1,#NULL!,1,1,#NULL!,2,1,#NULL!,1,1,#NULL!,2,1,1,1,1,1,1,1,1,#NULL!,8,1,1,1,2,1,1,#NULL!
99,1,38,4,1,cdfhil,3,1,1,2,2,1,2,1,2,2,1,1,2,1,1,3,3,1,6,2,1,1,1,62,1.64,23.12,2,2,2,1,1,3,2,1,2,1,1,2,2,#NULL!,2,2,2,1,#NULL!,1,1,1,1,1,1,2,2,7,1,1,2,1,1,1,#NULL!
100,1,32,3,2,dfk,1,1,1,1,2,1,2,1,1,1,1,3,1,2,1,3,3,1,6,11,1,2,1,70,1.70,24.20,2,2,2,1,3,2,1,#NULL!,1,1,#NULL!,2,2,#NULL!,2,2,2,1,#NULL!,1,1,1,1,1,1,2,2,7,1,1,2,1,1,1,#NULL!
101,1,30,3,3,dfhik,2,1,1,1,3,1,2,1,3,2,1,3,1,2,1,3,3,1,6,6,1,1,1,57,1.72,19.30,2,2,2,1,1,3,2,1,2,1,1,2,2,#NULL!,2,2,2,1,#NULL!,1,1,1,1,1,1,2,1,7,1,1,2,1,1,1,#NULL!
102,1,25,2,1,dfhj,2,1,1,1,2,1,2,1,3,1,2,1,1,2,1,1,3,1,6,5,1,1,1,53,1.67,19.00,2,2,1,1,2,2,1,#NULL!,1,1,#NULL!,2,2,#NULL!,2,2,2,1,#NULL!,1,1,1,1,1,1,2,1,7,1,1,2,1,1,1,#NULL!
103,1,22,1,1,fhi,1,1,1,1,1,1,2,1,3,2,1,1,1,2,1,4,2,1,6,11,1,1,1,53,1.68,18.70,2,2,2,1,2,3,1,#NULL!,1,1,#NULL!,2,3,#NULL!,3,2,3,1,#NULL!,1,1,1,1,1,1,1,#NULL!,7,1,1,2,1,1,1,#NULL!
104,1,29,2,4,dfh,1,1,1,1,2,1,3,1,3,1,1,1,1,2,1,4,2,2,6,11,1,1,1,62,1.78,17.20,1,2,2,1,1,3,1,#NULL!,1,1,#NULL!,2,3,#NULL!,3,2,3,1,#NULL!,1,1,1,1,1,1,2,2,7,1,1,2,1,1,1,#NULL!
105,1,32,3,3,cehik,2,1,1,2,1,3,1,1,3,2,1,2,1,2,1,1,2,1,6,11,1,1,1,66,1.62,25.10,3,2,2,1,3,3,2,1,2,1,1,2,2,#NULL!,2,2,1,2,1,1,2,1,1,1,1,2,1,178,2,1,2,2,1,1,#NULL!
106,1,35,4,1,cdfhi,2,1,1,2,2,1,2,1,3,2,1,1,1,2,1,1,2,1,6,0,1,1,1,59,1.67,21.20,2,2,2,1,2,5,2,1,2,1,1,2,4,#NULL!,4,2,4,1,#NULL!,1,1,1,1,1,1,2,2,7,1,1,2,1,1,1,#NULL!
107,1,32,3,1,dhijk,2,1,1,1,2,1,1,1,3,2,2,2,1,2,1,3,3,2,6,11,1,2,1,69,1.78,19.10,2,2,2,1,1,5,1,#NULL!,1,1,#NULL!,2,5,1,4,2,4,1,#NULL!,1,1,1,1,1,1,1,#NULL!,7,1,1,2,1,1,1,#NULL!
108,1,25,2,2,cdefhk,3,1,1,2,2,2,3,1,3,1,1,3,1,2,1,1,2,1,4,8,1,1,1,56,1.62,21.30,2,2,2,1,3,3,1,#NULL!,1,1,#NULL!,2,3,#NULL!,3,2,3,1,#NULL!,1,1,1,1,1,1,2,1,7,1,1,2,1,1,1,#NULL!
109,1,29,2,4,fhijl,2,1,1,1,1,1,2,1,2,2,2,1,2,1,1,3,3,2,6,11,1,2,1,67,1.71,22.90,2,2,2,1,1,2,1,#NULL!,1,2,1,2,1,#NULL!,1,1,#NULL!,2,1,1,1,2,1,1,1,2,2,38,1,2,1,2,1,1,#NULL!
110,2,32,3,2,cdh,1,1,1,2,2,1,1,1,2,1,1,1,1,1,1,4,3,1,6,11,1,2,1,75,1.67,26.90,3,1,2,1,2,3,2,3,2,1,1,1,#NULL!,#NULL!,#NULL!,1,#NULL!,1,#NULL!,1,1,1,1,1,1,2,1,9,1,1,1,1,2,1,#NULL!
111,2,27,2,1,dejl,2,1,1,1,2,2,1,1,1,1,2,1,2,1,1,3,3,2,6,11,1,1,1,78,1.60,30.40,4,1,2,1,1,2,2,2,2,1,1,1,#NULL!,#NULL!,#NULL!,1,#NULL!,1,#NULL!,1,1,1,1,1,1,2,2,9,1,1,1,1,2,1,#NULL!
112,2,34,3,1,dh,1,1,1,1,2,1,1,1,3,1,1,1,1,2,1,1,2,1,6,8,1,1,1,57,1.63,21.50,2,1,2,2,2,2,1,#NULL!,2,1,1,1,#NULL!,#NULL!,#NULL!,1,#NULL!,1,#NULL!,1,1,1,1,1,1,2,1,9,1,1,1,1,2,1,#NULL!
113,2,27,2,2,cdk,1,1,1,2,2,1,1,1,1,1,1,2,1,1,1,3,3,2,6,11,1,1,1,65,1.57,26.40,3,1,2,1,3,2,2,2,2,1,1,1,#NULL!,#NULL!,#NULL!,1,#NULL!,1,#NULL!,1,1,1,1,1,1,2,1,9,1,1,1,1,2,1,#NULL!
114,2,38,4,1,ek,1,1,1,1,1,2,1,1,1,1,1,2,1,1,1,3,3,1,6,11,1,1,1,73,1.65,26.80,3,1,2,1,2,3,2,3,2,1,1,1,#NULL!,#NULL!,#NULL!,1,#NULL!,1,#NULL!,1,1,1,1,1,1,2,2,9,1,1,1,1,2,1,#NULL!
115,2,31,3,3,cdj,1,1,1,3,2,1,1,1,1,1,2,1,1,2,1,1,2,2,6,11,1,1,1,60,1.64,22.30,2,1,2,1,1,2,2,2,2,1,1,1,#NULL!,#NULL!,#NULL!,1,#NULL!,1,#NULL!,1,1,1,1,1,1,2,1,9,1,1,1,1,2,1,#NULL!
116,2,34,3,1,cfk,1,1,1,2,1,1,2,1,1,1,1,2,1,1,1,4,3,1,6,11,1,1,1,67,1.72,22.70,2,2,2,1,2,2,2,2,2,1,1,1,#NULL!,#NULL!,#NULL!,1,#NULL!,1,#NULL!,1,1,1,1,1,1,2,2,9,1,1,1,1,2,1,#NULL!
117,2,38,4,1,cdeh,2,1,1,2,2,2,1,1,2,1,1,1,1,1,1,3,3,1,6,11,1,1,1,80,1.74,26.40,3,1,2,1,1,3,2,3,2,1,1,1,#NULL!,#NULL!,#NULL!,1,#NULL!,1,#NULL!,1,1,1,1,1,1,2,3,9,1,1,1,1,2,1,#NULL!
118,2,31,3,3,dfk,1,1,1,1,3,1,2,1,1,1,1,2,1,2,1,3,3,1,6,11,1,1,1,63,1.66,22.90,2,1,2,1,2,2,2,2,2,1,1,1,#NULL!,#NULL!,#NULL!,1,#NULL!,1,#NULL!,1,1,1,1,1,1,2,2,9,1,1,1,1,2,1,#NULL!
119,2,25,2,2,d,1,1,1,1,3,1,1,1,1,1,1,1,1,2,1,1,2,2,6,11,1,1,1,54,1.60,20.30,2,1,1,1,1,2,2,2,2,1,1,1,#NULL!,#NULL!,#NULL!,1,#NULL!,1,#NULL!,1,1,1,1,1,1,1,#NULL!,9,1,1,1,1,2,1,#NULL!
120,2,34,3,2,ch,1,1,1,2,1,1,1,1,2,1,1,1,1,1,1,1,2,2,6,11,1,1,1,70,1.78,22.10,2,1,2,1,2,2,2,2,2,1,1,1,#NULL!,#NULL!,#NULL!,1,#NULL!,1,#NULL!,1,1,1,1,1,1,2,2,9,1,1,1,1,2,1,#NULL!
121,2,29,2,1,cfhi,2,1,1,2,1,1,2,1,2,2,1,1,1,1,1,3,3,1,6,0,1,1,1,66,1.72,22.30,2,1,2,1,3,2,2,2,2,1,1,1,#NULL!,#NULL!,#NULL!,1,#NULL!,1,#NULL!,1,1,1,1,1,1,2,1,9,1,1,1,1,2,1,#NULL!
122,2,36,4,1,djl,1,1,1,1,2,1,1,1,1,1,2,1,2,1,1,4,3,1,6,8,1,1,1,74,1.80,22.80,2,2,2,1,2,2,2,2,2,1,1,1,#NULL!,#NULL!,#NULL!,1,#NULL!,1,#NULL!,1,1,1,1,1,1,2,2,9,1,1,1,1,2,1,#NULL!
123,2,33,3,2,ch,1,1,1,2,1,1,1,1,3,1,1,1,1,2,1,1,2,2,6,11,1,1,1,68,1.64,29.60,3,1,2,1,1,2,2,2,2,1,1,1,#NULL!,#NULL!,#NULL!,1,#NULL!,1,#NULL!,1,1,1,1,1,1,1,#NULL!,9,1,1,1,1,2,1,#NULL!
124,2,30,3,2,di,1,1,1,1,2,1,1,1,1,2,1,1,1,1,1,3,3,1,6,11,1,1,1,72,1.68,25.50,3,1,2,1,2,2,2,2,2,1,1,1,#NULL!,#NULL!,#NULL!,1,#NULL!,1,#NULL!,1,1,1,1,1,1,2,2,9,1,1,1,1,2,1,#NULL!
125,2,29,2,1,defj,2,1,1,1,2,2,2,1,1,1,2,1,1,1,1,1,2,1,6,11,1,1,1,80,1.67,28.71,3,1,2,1,3,2,2,2,2,1,1,1,#NULL!,#NULL!,#NULL!,1,#NULL!,1,#NULL!,1,1,1,1,1,1,2,1,9,1,1,1,1,2,1,#NULL!
126,2,33,3,1,cdhk,2,1,1,2,2,1,1,1,3,1,1,2,1,2,1,3,3,1,6,2,1,1,1,66,1.73,22.00,2,1,2,1,2,2,2,2,2,1,1,1,#NULL!,#NULL!,#NULL!,1,#NULL!,1,#NULL!,1,1,1,1,1,1,2,2,9,1,1,1,1,2,1,#NULL!
127,2,38,4,1,deg,1,1,1,1,2,3,1,2,1,1,1,1,1,2,1,3,3,2,6,11,1,1,1,62,1.70,21.40,2,1,2,1,2,3,2,3,2,1,1,1,#NULL!,#NULL!,#NULL!,1,#NULL!,1,#NULL!,1,1,1,1,1,1,2,1,9,1,1,1,1,2,1,#NULL!
128,2,27,2,1,cde,1,1,1,3,3,2,1,1,1,1,1,1,1,2,1,1,2,1,6,8,1,1,1,57,1.65,20.90,2,2,2,1,1,2,2,2,2,1,1,1,#NULL!,#NULL!,#NULL!,1,#NULL!,1,#NULL!,1,1,1,1,1,1,2,2,9,1,1,1,1,2,1,#NULL!
129,2,26,2,1,deh,1,1,1,1,2,2,1,1,2,1,1,1,1,1,1,4,3,1,6,11,1,1,1,72,1.70,24.90,2,1,2,1,2,2,2,2,2,1,1,1,#NULL!,#NULL!,#NULL!,1,#NULL!,1,#NULL!,1,1,1,1,1,1,2,1,9,1,1,1,1,2,1,#NULL!
130,2,38,4,2,fkl,1,1,1,1,1,1,2,1,1,1,1,2,2,1,1,3,3,1,6,11,1,1,1,79,1.65,29.00,3,1,2,1,1,2,2,2,2,1,1,1,#NULL!,#NULL!,#NULL!,1,#NULL!,1,#NULL!,1,1,1,1,1,1,2,2,9,1,1,1,1,2,1,#NULL!
131,2,33,3,1,eh,1,1,1,1,1,2,1,1,2,1,1,1,1,1,1,4,2,2,6,11,1,1,1,68,1.72,23.00,2,1,2,1,3,2,2,2,2,1,1,1,#NULL!,#NULL!,#NULL!,1,#NULL!,1,#NULL!,1,1,1,1,1,1,2,2,9,1,1,1,1,2,1,#NULL!
132,2,35,4,2,cik,1,1,1,2,1,1,1,1,1,2,1,3,1,2,1,3,3,2,6,11,1,1,1,77,1.66,28.00,3,1,3,1,2,2,2,2,2,1,1,1,#NULL!,#NULL!,#NULL!,1,#NULL!,1,#NULL!,1,1,1,1,1,1,2,3,9,1,1,1,1,2,1,#NULL!
133,2,37,4,1,cejk,2,1,1,2,1,2,1,1,1,1,2,2,1,1,1,1,3,1,6,11,1,1,1,70,1.65,25.70,3,1,2,1,1,2,2,2,2,1,1,1,#NULL!,#NULL!,#NULL!,1,#NULL!,1,#NULL!,1,1,1,1,1,1,2,2,9,1,1,1,1,2,1,#NULL!
134,2,28,2,2,ce,1,1,1,3,1,2,1,1,1,1,1,1,1,2,1,3,3,1,6,11,1,1,1,64,1.60,25.00,3,1,2,1,2,2,2,2,2,1,1,1,#NULL!,#NULL!,#NULL!,1,#NULL!,1,#NULL!,1,1,1,1,1,1,2,2,9,1,1,1,1,2,1,#NULL!
135,2,32,3,1,fh,1,1,1,1,1,1,3,1,2,1,1,1,1,2,1,2,2,2,6,11,1,1,1,72,1.75,23.50,2,1,2,1,2,2,2,2,2,1,1,1,#NULL!,#NULL!,#NULL!,1,#NULL!,1,#NULL!,1,1,1,1,1,1,2,1,9,1,1,1,1,2,1,#NULL!
136,2,28,2,1,cdik,2,1,1,2,3,1,1,1,1,2,1,2,1,2,1,3,3,1,6,11,1,1,1,73,1.65,27.10,3,1,2,1,1,2,2,2,2,1,1,1,#NULL!,#NULL!,#NULL!,1,#NULL!,1,#NULL!,1,1,1,1,1,1,2,2,9,1,1,1,1,2,1,#NULL!
137,2,33,3,3,cgj,1,1,1,2,1,1,1,2,1,1,2,1,1,1,1,3,3,1,6,11,1,1,1,65,1.60,25.30,3,1,2,1,2,2,2,2,2,1,1,1,#NULL!,#NULL!,#NULL!,1,#NULL!,1,#NULL!,1,1,1,1,1,1,2,1,9,1,1,1,1,2,1,#NULL!
138,2,25,2,1,def,1,1,1,1,2,2,2,1,1,1,1,1,1,1,1,3,3,1,6,11,1,1,1,57,1.62,20.90,2,1,2,1,1,2,2,2,2,1,1,1,#NULL!,#NULL!,#NULL!,1,#NULL!,1,#NULL!,1,1,1,1,1,1,2,2,9,1,1,1,1,2,1,#NULL!
139,2,23,1,3,dhi,1,1,1,1,2,1,1,1,2,2,1,1,1,1,1,4,2,2,6,11,1,1,1,55,1.65,20.20,2,1,1,1,1,2,2,2,2,1,1,1,#NULL!,#NULL!,#NULL!,1,#NULL!,1,#NULL!,1,1,1,1,1,1,2,2,9,1,1,1,1,2,1,#NULL!
140,2,32,3,2,hj,1,1,1,1,1,1,1,1,2,1,2,1,1,1,1,3,3,2,6,0,1,1,1,71,1.74,23.50,2,1,2,1,2,2,2,2,2,1,1,1,#NULL!,#NULL!,#NULL!,1,#NULL!,1,#NULL!,1,1,1,1,1,1,2,2,9,1,1,1,1,2,1,#NULL!
141,2,37,4,1,eik,1,1,1,1,1,2,1,1,1,2,1,2,1,1,1,4,3,1,6,11,1,1,1,65,1.76,21.00,2,1,2,1,1,2,2,2,2,1,1,1,#NULL!,#NULL!,#NULL!,1,#NULL!,1,#NULL!,1,1,1,1,1,1,2,1,9,1,1,1,1,2,1,#NULL!
142,2,26,2,1,cdgk,2,1,1,2,2,1,1,2,1,1,1,2,1,1,1,3,3,2,6,11,1,1,1,78,1.64,29.10,3,1,2,1,3,2,2,2,2,1,1,1,#NULL!,#NULL!,#NULL!,1,#NULL!,1,#NULL!,1,1,1,1,1,1,2,1,9,1,1,1,1,2,1,#NULL!
143,2,35,4,2,h,1,1,1,1,1,1,1,1,3,1,1,1,1,2,1,1,2,1,6,11,1,1,1,81,1.75,26.40,3,1,2,1,3,2,2,2,2,1,1,1,#NULL!,#NULL!,#NULL!,1,#NULL!,1,#NULL!,1,1,1,1,1,1,1,#NULL!,9,1,1,1,1,2,1,#NULL!
144,2,28,2,4,cdh,1,1,1,2,3,1,1,1,2,1,1,1,1,2,1,4,3,1,6,11,1,1,1,58,1.62,22.10,2,1,2,2,1,2,2,2,2,1,1,1,#NULL!,#NULL!,#NULL!,1,#NULL!,1,#NULL!,1,1,1,1,1,1,2,2,9,1,1,1,1,2,1,#NULL!
145,2,33,3,1,dkl,1,1,1,1,2,1,1,1,1,1,1,2,2,1,1,1,2,1,6,11,1,1,1,51,1.55,21.20,2,1,2,1,2,2,2,2,2,1,1,1,#NULL!,#NULL!,#NULL!,1,#NULL!,1,#NULL!,1,1,1,1,1,1,2,1,9,1,1,1,1,2,1,#NULL!
146,2,39,4,3,cdfh,2,1,1,2,2,1,3,1,2,1,1,1,1,2,1,3,3,1,6,2,1,1,1,75,1.66,27.20,3,2,2,1,1,2,2,2,2,1,1,1,#NULL!,#NULL!,#NULL!,1,#NULL!,1,#NULL!,1,1,1,1,1,1,2,3,9,1,1,1,1,2,1,#NULL!
147,2,24,1,2,ch,1,1,1,2,1,1,1,1,2,1,1,1,1,1,1,4,3,2,6,11,1,1,1,56,1.65,20.50,2,1,2,1,1,2,2,2,2,1,1,1,#NULL!,#NULL!,#NULL!,1,#NULL!,1,#NULL!,1,1,1,1,1,1,1,#NULL!,9,1,1,1,1,2,1,#NULL!
148,2,31,3,1,eik,1,1,1,1,1,2,1,1,1,2,1,2,1,1,1,1,3,2,6,11,1,1,1,62,1.64,23.10,2,1,2,1,2,2,2,2,2,1,1,1,#NULL!,#NULL!,#NULL!,1,#NULL!,1,#NULL!,1,1,1,1,1,1,2,2,9,1,1,1,1,2,1,#NULL!
